team,project_id,project_name,observed_state,canonical_candidate,next_action
"aibhubofficial","prj_64xv4blF5CS6Sw4FAIuWlOQY0vbW","v0-https-deityatlas-manus-space","Project exists","Review","Verify Git source, domains and replacement plan"
"aibhubofficial","prj_bhDMmkVOiZIsHEWLhvC6PP5YAbrO","project-chcp9","Project exists","No","Classify or archive after deployment review"
"aibhubofficial","prj_TYshol1gsrzOFsW7zzEqoluWMpUI","v0-aibhubofficial-1571-ae8212d3","Project exists","Review","Verify whether this is the current AIB site"
"the-33rd-house-wisdom","prj_7sC3tuARGWJRGje5LIL5NJ6iBMJi","the33rdhouse","No deployment or domains observed","Hold","Do not delete until source and history are checked"
"the-33rd-house-wisdom","prj_gvFpqTEvCdtX1JtPQ7dE5gX7ycwf","the-33rd-house","Project exists","Review","Verify domains and Git mapping"
"the-33rd-house-wisdom","prj_IzaWxIsQoBJBpkYZisCkFAQMGsky","33rdhouse-platform","Latest production deployment READY; live=false","Yes - candidate","Verify Git source and assign canonical domains"
"the-33rd-house-wisdom","prj_GW2mtyUiobmE0rB1jLOiWGwQhdfB","the33rd-house-the33rdhouse-platform-commit-b8baa4ada7aa03c9fa496ce3c45ffd2436603e4d-o77y","Generated import","No","Classify as duplicate after evidence capture"
"the-33rd-house-wisdom","prj_Vnq3w6ooNwZeVLiTibgXbTpJFVXy","33","Ambiguous name","No","Identify source and purpose"
"the-33rd-house-wisdom","prj_NpbKrZHbAMDBolDs4gtehUxjpspO","sacred-libraries","Project exists","Product-specific","Verify ownership and domains"
"the-33rd-house-wisdom","prj_t6xDHRU1Fqea64fomd49h6eHnXo1","project-jw35u","Generated name","No","Classify or archive after deployment review"
"the-33rd-house-wisdom","prj_OxdgjseMXa9KNbjt08jOBNaaeKmZ","v0-nano-banana-pro-playground","Playground project","No","Keep isolated from production domains"
"the-33rd-house-wisdom","prj_OLjCkuT7epC9edWFhCSKqUGwG2tq","the33rd-house-the33rdhouse-platform-commit-b8baa4ada7aa03c9fa496ce3c45ffd2436603e4d-tb6n","Generated import","No","Classify as duplicate after evidence capture"
"the-33rd-house-wisdom","prj_r1TeabzdiRBuZT7zoLaUQ5njnDA8","v0-recreate-ui-from-screenshot","Playground project","No","Keep isolated from production domains"
"the-33rd-house-wisdom","prj_eBN2eeO5Wft0HiQwc5hB33wBC8Aa","the33rd-house-the33rdhouse-platform-commit-b8baa4ada7aa03c9fa496ce3c45ffd2436603e4d","Generated import","No","Classify as duplicate after evidence capture"
"the-33rd-house-wisdom","prj_JlydRifCXjrgSLEw8fAfhLBKBffT","the33rdhouse-blog","Product-specific","Review","Verify Git source, domain and publication status"
